Designator,Mid X,Mid Y,Rotation,Layer
C1,26.0,-3.2,270.0,top
C13,36.02075,-5.43,270.0,top
C14,37.67175,-5.43,270.0,top
C2,27.664,-3.235,270.0,top
J1,29.995,6.0,270.0,top
R1,23.71475,-5.084,270.0,top
R14,39.44975,-0.731,0.0,top
R16,43.64075,-0.731,180.0,top
R2,16.72975,-0.766,0.0,top
R3,21.17475,-0.766,180.0,top
U1,19.45475,-5.236,90.0,bottom
U6,41.69475,-5.52,90.0,bottom
